Species,x,y
Ochotona_curzoniae,101.5017,33.4797
Ochotona_curzoniae,101.5022,33.3867
Ochotona_curzoniae,86.6179,28.58
Ochotona_curzoniae,90.0452,28.8252
Ochotona_curzoniae,90.3439,37.3086
Ochotona_curzoniae,90.6182,29.1942
Ochotona_curzoniae,90.8883,30.4184
Ochotona_curzoniae,92.0077,31.5243
Ochotona_curzoniae,92.4432,34.2178
Ochotona_curzoniae,93.0806,35.219
Ochotona_curzoniae,94.2017,29.1688
Ochotona_curzoniae,94.8579,29.5085
Ochotona_curzoniae,96.3979,31.4369
Ochotona_curzoniae,98.3094,36.2708
Ochotona_curzoniae,99.4175,38.375
Ochotona_curzoniae,101.12,37.29
Ochotona_curzoniae,101.441,35.218
Ochotona_curzoniae,88.722,28.0479
Ochotona_curzoniae,98.761,35.264
Ochotona_curzoniae,100.038,37.534
Ochotona_curzoniae,100.14,34.3
Ochotona_curzoniae,100.153,36.327
Ochotona_curzoniae,100.37,36.17
Ochotona_curzoniae,100.519,35.093
Ochotona_curzoniae,101.06,33.17
Ochotona_curzoniae,101.091,33.565
Ochotona_curzoniae,101.174,36.614
Ochotona_curzoniae,102.091,35.468
Ochotona_curzoniae,102.53,34.59
Ochotona_curzoniae,102.874,37.069
Ochotona_curzoniae,103.32,33.22
Ochotona_curzoniae,76.05,36.05
Ochotona_curzoniae,76.7,36.95
Ochotona_curzoniae,78,36.3
Ochotona_curzoniae,79.229,35.386
Ochotona_curzoniae,79.663,31.369
Ochotona_curzoniae,81.377,30.729
Ochotona_curzoniae,81.949,31.992
Ochotona_curzoniae,83.699,33.523
Ochotona_curzoniae,83.916,31.127
Ochotona_curzoniae,84.917,29.449
Ochotona_curzoniae,86.044,28.582
Ochotona_curzoniae,86.5667,28.5
Ochotona_curzoniae,87.103,28.463
Ochotona_curzoniae,87.12,33.404
Ochotona_curzoniae,87.433,37.767
Ochotona_curzoniae,87.819,29.182
Ochotona_curzoniae,87.903,28.166
Ochotona_curzoniae,88,36.7
Ochotona_curzoniae,88.113,29.872
Ochotona_curzoniae,88.419,28.866
Ochotona_curzoniae,88.648,31.041
Ochotona_curzoniae,88.841,29.215
Ochotona_curzoniae,89.063,27.892
Ochotona_curzoniae,89.133,28.777
Ochotona_curzoniae,89.367,29.728
Ochotona_curzoniae,89.62,28.438
Ochotona_curzoniae,89.7,28.931
Ochotona_curzoniae,89.935,29.194
Ochotona_curzoniae,90.134,29.535
Ochotona_curzoniae,90.606,28.763
Ochotona_curzoniae,90.704,29.734
Ochotona_curzoniae,90.716,29.439
Ochotona_curzoniae,90.799,30.327
Ochotona_curzoniae,90.872,28.2
Ochotona_curzoniae,90.942,29.192
Ochotona_curzoniae,91.154,29.642
Ochotona_curzoniae,91.217,32.397
Ochotona_curzoniae,91.363,30.146
Ochotona_curzoniae,91.394,29.253
Ochotona_curzoniae,91.457,29.684
Ochotona_curzoniae,91.61,28.977
Ochotona_curzoniae,91.737,29.24
Ochotona_curzoniae,91.944,29.87
Ochotona_curzoniae,92.031,31.227
Ochotona_curzoniae,92.191,29.356
Ochotona_curzoniae,92.2,28.919
Ochotona_curzoniae,92.526,28.492
Ochotona_curzoniae,92.632,32.372
Ochotona_curzoniae,92.678,29.195
Ochotona_curzoniae,92.768,30.773
Ochotona_curzoniae,92.985,34.352
Ochotona_curzoniae,93.174,29.964
Ochotona_curzoniae,93.214,28.757
Ochotona_curzoniae,93.449,31.443
Ochotona_curzoniae,93.46,39.17
Ochotona_curzoniae,94.018,29.117
Ochotona_curzoniae,94.21,33.061
Ochotona_curzoniae,94.22,31.588
Ochotona_curzoniae,94.367,29.687
Ochotona_curzoniae,94.69,30.882
Ochotona_curzoniae,95.26,31.59
Ochotona_curzoniae,95.337,34.871
Ochotona_curzoniae,95.475,30.14
Ochotona_curzoniae,95.934,30.688
Ochotona_curzoniae,96.47,31.318
Ochotona_curzoniae,96.59,33.02
Ochotona_curzoniae,96.851,28.601
Ochotona_curzoniae,96.908,36.13
Ochotona_curzoniae,96.942,30.065
Ochotona_curzoniae,97.086,31.323
Ochotona_curzoniae,97.143,33.873
Ochotona_curzoniae,97.623,31.31
Ochotona_curzoniae,97.635,32.038
Ochotona_curzoniae,97.674,29.747
Ochotona_curzoniae,97.74,30.551
Ochotona_curzoniae,98.2,39.3
Ochotona_curzoniae,98.311,28.777
Ochotona_curzoniae,98.373,31.446
Ochotona_curzoniae,98.512,29.779
Ochotona_curzoniae,98.551,30.657
Ochotona_curzoniae,98.594,36.869
Ochotona_curzoniae,98.697,31.957
Ochotona_curzoniae,98.775,29.251
Ochotona_curzoniae,99.3,38.8
Ochotona_curzoniae,99.735,35.441
Ochotona_curzoniae,99.785,31.869
Ochotona_curzoniae,100.0096,34.35
Ochotona_curzoniae,100.0537,33.9494
Ochotona_curzoniae,100.1,37.2667
Ochotona_curzoniae,100.107,36.63
Ochotona_curzoniae,100.1917,36.8917
Ochotona_curzoniae,100.2063,37.9739
Ochotona_curzoniae,100.2173,34.4667
Ochotona_curzoniae,100.2185,37.2239
Ochotona_curzoniae,100.22,38.2
Ochotona_curzoniae,100.235,34.2083
Ochotona_curzoniae,100.2471,33.8131
Ochotona_curzoniae,100.3167,34.0333
Ochotona_curzoniae,100.3461,36.6119
Ochotona_curzoniae,100.3511,34.4167
Ochotona_curzoniae,100.3976,36.3722
Ochotona_curzoniae,100.4058,37.2544
Ochotona_curzoniae,100.4247,37.5945
Ochotona_curzoniae,100.4333,34.8
Ochotona_curzoniae,100.4443,34.3667
Ochotona_curzoniae,100.458,38.0414
Ochotona_curzoniae,100.5,37.4167
Ochotona_curzoniae,100.5394,37.1583
Ochotona_curzoniae,100.5444,33.3206
Ochotona_curzoniae,100.5583,34.35
Ochotona_curzoniae,100.58,35.25
Ochotona_curzoniae,100.5833,35.5
Ochotona_curzoniae,100.592,34.647
Ochotona_curzoniae,100.6079,34.1722
Ochotona_curzoniae,100.6582,37.3153
Ochotona_curzoniae,100.6734,36.9964
Ochotona_curzoniae,100.7204,36.3542
Ochotona_curzoniae,100.7212,34.0564
Ochotona_curzoniae,100.7556,36.5592
Ochotona_curzoniae,100.8532,35.2075
Ochotona_curzoniae,100.8619,36.8617
Ochotona_curzoniae,100.8833,35.6417
Ochotona_curzoniae,100.9024,33.1578
Ochotona_curzoniae,100.9123,36.5067
Ochotona_curzoniae,100.9251,35.5233
Ochotona_curzoniae,100.9369,37.9586
Ochotona_curzoniae,100.9642,36.9678
Ochotona_curzoniae,101,35.44
Ochotona_curzoniae,101,36
Ochotona_curzoniae,101.05,34.2
Ochotona_curzoniae,101.055,36.42
Ochotona_curzoniae,101.075,34.5083
Ochotona_curzoniae,101.0969,35.2686
Ochotona_curzoniae,101.102,34.6642
Ochotona_curzoniae,101.1217,35.8283
Ochotona_curzoniae,101.2,37.4833
Ochotona_curzoniae,101.2019,37.6292
Ochotona_curzoniae,101.2186,35.5097
Ochotona_curzoniae,101.2458,34.575
Ochotona_curzoniae,101.2667,37.8
Ochotona_curzoniae,101.2833,36.3833
Ochotona_curzoniae,101.3248,34.3317
Ochotona_curzoniae,101.35,34.6333
Ochotona_curzoniae,101.3502,34.8131
Ochotona_curzoniae,101.3654,36.5381
Ochotona_curzoniae,101.3833,37.6667
Ochotona_curzoniae,101.3911,37.4958
Ochotona_curzoniae,101.4576,34.8529
Ochotona_curzoniae,101.4667,37.2
Ochotona_curzoniae,101.4917,35.0583
Ochotona_curzoniae,101.4954,34.5281
Ochotona_curzoniae,101.4961,36.3661
Ochotona_curzoniae,101.5246,34.3541
Ochotona_curzoniae,101.564,34.7958
Ochotona_curzoniae,101.5833,37.7
Ochotona_curzoniae,101.5857,34.6317
Ochotona_curzoniae,101.6229,33.8063
Ochotona_curzoniae,101.6609,36.3069
Ochotona_curzoniae,101.6723,37.3956
Ochotona_curzoniae,101.7156,34.0756
Ochotona_curzoniae,101.7293,35.7936
Ochotona_curzoniae,101.7472,33.7292
Ochotona_curzoniae,101.7586,34.6478
Ochotona_curzoniae,101.7625,33.4417
Ochotona_curzoniae,101.8148,35.665
Ochotona_curzoniae,101.8667,33.9667
Ochotona_curzoniae,101.8689,33.4067
Ochotona_curzoniae,101.8875,33.6781
Ochotona_curzoniae,101.914,35.7525
Ochotona_curzoniae,101.9167,33.85
Ochotona_curzoniae,101.9555,34.5203
Ochotona_curzoniae,101.97,35.8425
Ochotona_curzoniae,102.0872,33.9808
Ochotona_curzoniae,102.0881,34.4097
Ochotona_curzoniae,102.1333,33.8333
Ochotona_curzoniae,102.1822,36.0521
Ochotona_curzoniae,102.2332,34.6408
Ochotona_curzoniae,102.2333,34.1
Ochotona_curzoniae,102.25,33.5667
Ochotona_curzoniae,102.2517,35.1956
Ochotona_curzoniae,102.2743,35.4972
Ochotona_curzoniae,102.2821,33.8929
Ochotona_curzoniae,102.3,34.4333
Ochotona_curzoniae,102.3103,34.3433
Ochotona_curzoniae,102.3167,34.0333
Ochotona_curzoniae,102.3333,34.2333
Ochotona_curzoniae,102.4167,33.9833
Ochotona_curzoniae,102.4305,35.1081
Ochotona_curzoniae,102.4449,33.7242
Ochotona_curzoniae,102.4535,34.5092
Ochotona_curzoniae,102.5617,34.8158
Ochotona_curzoniae,102.6583,35.05
Ochotona_curzoniae,102.6759,34.8222
Ochotona_curzoniae,102.7604,34.3375
Ochotona_curzoniae,102.8518,33.9528
Ochotona_curzoniae,102.8833,34.9167
Ochotona_curzoniae,102.9539,33.6608
Ochotona_curzoniae,102.9697,33.7753
Ochotona_curzoniae,82.536,30.578
Ochotona_curzoniae,85.089,29.493
Ochotona_curzoniae,87.218,29.237
Ochotona_curzoniae,87.308,36.8
Ochotona_curzoniae,87.8335,28.6195
Ochotona_curzoniae,87.8364,28.7829
Ochotona_curzoniae,88.61,37.003
Ochotona_curzoniae,88.832,33.186
Ochotona_curzoniae,89.5608,27.9275
Ochotona_curzoniae,90.101,28.901
Ochotona_curzoniae,90.1042,30.5053
Ochotona_curzoniae,90.242,36.929
Ochotona_curzoniae,90.2719,29.4842
Ochotona_curzoniae,90.417,29.109
Ochotona_curzoniae,90.5267,30.5737
Ochotona_curzoniae,90.6701,30.0063
Ochotona_curzoniae,90.7091,30.2664
Ochotona_curzoniae,90.755,37.043
Ochotona_curzoniae,90.768,30.1006
Ochotona_curzoniae,90.837,31.4119
Ochotona_curzoniae,91.0833,30.4667
Ochotona_curzoniae,91.1067,30.7803
Ochotona_curzoniae,91.1081,30.6497
Ochotona_curzoniae,91.1333,30.2917
Ochotona_curzoniae,91.2188,30.8988
Ochotona_curzoniae,91.2817,30.5308
Ochotona_curzoniae,91.4,29.8333
Ochotona_curzoniae,91.55,31.4833
Ochotona_curzoniae,91.59,32.18
Ochotona_curzoniae,91.652,33.589
Ochotona_curzoniae,91.6917,31.0278
Ochotona_curzoniae,91.7,29.8333
Ochotona_curzoniae,91.7024,31.9869
Ochotona_curzoniae,91.7378,32.32
Ochotona_curzoniae,91.9425,31.0058
Ochotona_curzoniae,91.9844,30.4258
Ochotona_curzoniae,92,35.4833
Ochotona_curzoniae,92.0184,31.4333
Ochotona_curzoniae,92.0432,31.3239
Ochotona_curzoniae,92.1273,31.4647
Ochotona_curzoniae,92.1691,31.2711
Ochotona_curzoniae,92.26,35.548
Ochotona_curzoniae,92.28,31.44
Ochotona_curzoniae,92.3078,32.1342
Ochotona_curzoniae,92.3167,29.7667
Ochotona_curzoniae,92.4111,29.9211
Ochotona_curzoniae,92.4392,35.3803
Ochotona_curzoniae,92.576,30.9614
Ochotona_curzoniae,92.59,34.33
Ochotona_curzoniae,92.75,34
Ochotona_curzoniae,92.8427,31.8089
Ochotona_curzoniae,92.942,34.862
Ochotona_curzoniae,92.98,29.9044
Ochotona_curzoniae,93.386,35.356
Ochotona_curzoniae,93.4919,31.9433
Ochotona_curzoniae,93.55,33.9583
Ochotona_curzoniae,94.0594,35.617
Ochotona_curzoniae,94.1167,35.7167
Ochotona_curzoniae,94.31,35.734
Ochotona_curzoniae,94.9167,33.1917
Ochotona_curzoniae,95.3667,34.425
Ochotona_curzoniae,95.3759,33.8853
Ochotona_curzoniae,95.5,35
Ochotona_curzoniae,95.7325,33.9875
Ochotona_curzoniae,95.88,34.14
Ochotona_curzoniae,95.887,33.6783
Ochotona_curzoniae,96.064,33.54
Ochotona_curzoniae,96.0667,33.925
Ochotona_curzoniae,96.1469,32.1806
Ochotona_curzoniae,96.2092,32.0325
Ochotona_curzoniae,96.325,35.2333
Ochotona_curzoniae,96.4226,33.2658
Ochotona_curzoniae,96.7,33.8389
Ochotona_curzoniae,96.7825,33.0328
Ochotona_curzoniae,96.85,33.8
Ochotona_curzoniae,96.9,32.5167
Ochotona_curzoniae,96.9333,32.85
Ochotona_curzoniae,97.0333,34.8
Ochotona_curzoniae,97.128,30.529
Ochotona_curzoniae,97.2064,30.4339
Ochotona_curzoniae,97.2167,33.2167
Ochotona_curzoniae,97.2835,33.4103
Ochotona_curzoniae,97.3,30.19
Ochotona_curzoniae,97.3978,33.3456
Ochotona_curzoniae,97.4,34.1667
Ochotona_curzoniae,97.5167,34.75
Ochotona_curzoniae,97.65,33.1833
Ochotona_curzoniae,97.72,35.07
Ochotona_curzoniae,97.8405,33.4167
Ochotona_curzoniae,97.9285,35.9383
Ochotona_curzoniae,97.9811,33.0703
Ochotona_curzoniae,98.0031,34.5708
Ochotona_curzoniae,98.0678,32.9803
Ochotona_curzoniae,98.1002,33.1275
Ochotona_curzoniae,98.1333,34.7833
Ochotona_curzoniae,98.1693,36.2211
Ochotona_curzoniae,98.25,34.5833
Ochotona_curzoniae,98.2897,34.9546
Ochotona_curzoniae,98.2956,33.3344
Ochotona_curzoniae,98.3072,32.3344
Ochotona_curzoniae,98.3092,38.4203
Ochotona_curzoniae,98.3217,33.0294
Ochotona_curzoniae,98.3248,33.1617
Ochotona_curzoniae,98.3979,35.6647
Ochotona_curzoniae,98.4271,38.8194
Ochotona_curzoniae,98.542,36.9833
Ochotona_curzoniae,98.6,35.5667
Ochotona_curzoniae,98.6417,35.0431
Ochotona_curzoniae,98.65,34.4
Ochotona_curzoniae,98.7,35.5
Ochotona_curzoniae,98.7,37.4333
Ochotona_curzoniae,98.8333,34.8333
Ochotona_curzoniae,98.855,35.082
Ochotona_curzoniae,98.9614,37.3467
Ochotona_curzoniae,99.0732,36.7828
Ochotona_curzoniae,99.1,37.283
Ochotona_curzoniae,99.1272,31.9792
Ochotona_curzoniae,99.2,34.2667
Ochotona_curzoniae,99.2667,38.7
Ochotona_curzoniae,99.2792,34.9908
Ochotona_curzoniae,99.28,37.17
Ochotona_curzoniae,99.3371,33.6231
Ochotona_curzoniae,99.375,34.0667
Ochotona_curzoniae,99.4014,33.4336
Ochotona_curzoniae,99.4182,33.725
Ochotona_curzoniae,99.564,38.2547
Ochotona_curzoniae,99.57,38.4553
Ochotona_curzoniae,99.5833,37.0833
Ochotona_curzoniae,99.5933,36.9828
Ochotona_curzoniae,99.5961,36.7428
Ochotona_curzoniae,99.6333,33.7167
Ochotona_curzoniae,99.675,35.5167
Ochotona_curzoniae,99.6994,37.1669
Ochotona_curzoniae,99.7583,34.4917
Ochotona_curzoniae,99.775,38.6417
Ochotona_curzoniae,99.7833,36.7833
Ochotona_curzoniae,99.7882,33.6275
Ochotona_curzoniae,99.8167,36.95
Ochotona_curzoniae,99.8429,37.2864
Ochotona_curzoniae,99.9914,33.7217
Onychostruthus_taczanowskii,101.14,37.14
Onychostruthus_taczanowskii,99.37,36.64
Onychostruthus_taczanowskii,99.61,36.75
Onychostruthus_taczanowskii,93.93,35.22
Onychostruthus_taczanowskii,96.54,31.82
Onychostruthus_taczanowskii,100.79,36.21
Onychostruthus_taczanowskii,93.42,35.9
Onychostruthus_taczanowskii,88.63,28.03
Onychostruthus_taczanowskii,94.44,31.84
Onychostruthus_taczanowskii,94.02,35.57
Onychostruthus_taczanowskii,91.93,27.99
Onychostruthus_taczanowskii,91.68,32.27
Onychostruthus_taczanowskii,95.67,34.36
Onychostruthus_taczanowskii,100.76,33.31
Onychostruthus_taczanowskii,91.92,28.3
Onychostruthus_taczanowskii,96.79,32.88
Onychostruthus_taczanowskii,97.99,34.52
Onychostruthus_taczanowskii,102.96,33.58
Onychostruthus_taczanowskii,98.15,35.82
Onychostruthus_taczanowskii,95.03,34.79
Onychostruthus_taczanowskii,98.09,35.7
Onychostruthus_taczanowskii,98.67,33.27
Onychostruthus_taczanowskii,101.82,37.04
Onychostruthus_taczanowskii,81.31,31.07
Onychostruthus_taczanowskii,96.43,33.67
Onychostruthus_taczanowskii,95.73,33.81
Onychostruthus_taczanowskii,91.96,28.15
Onychostruthus_taczanowskii,88.73,28.05
Onychostruthus_taczanowskii,100.68,36.99
Onychostruthus_taczanowskii,93.08,35.87
Onychostruthus_taczanowskii,97.59,33.37
Onychostruthus_taczanowskii,100.46,37.06
Onychostruthus_taczanowskii,78.99,32.67
Onychostruthus_taczanowskii,85.93,29.47
Onychostruthus_taczanowskii,91.86,33.23
Onychostruthus_taczanowskii,91.55,33.99
Onychostruthus_taczanowskii,97.01,33
Onychostruthus_taczanowskii,97.89,35.99
Onychostruthus_taczanowskii,95.62,32.78
Onychostruthus_taczanowskii,94.5,35
Onychostruthus_taczanowskii,99.07,36.79
Onychostruthus_taczanowskii,99.25,36.71
Onychostruthus_taczanowskii,94.81,33.8
Onychostruthus_taczanowskii,97.51,34.02
Onychostruthus_taczanowskii,100.58,35.22
Onychostruthus_taczanowskii,101.32,37.61
Onychostruthus_taczanowskii,103.19,34.24
Onychostruthus_taczanowskii,86.85,28.16
Onychostruthus_taczanowskii,101.43,37.46
Onychostruthus_taczanowskii,96.53,33.2
Onychostruthus_taczanowskii,95.61,32.93
Onychostruthus_taczanowskii,94.81,36.11
Onychostruthus_taczanowskii,96.62,32.31
Onychostruthus_taczanowskii,91.13,29.69
Onychostruthus_taczanowskii,99.52,37.14
Onychostruthus_taczanowskii,100.24,34.47
Onychostruthus_taczanowskii,100.64,33.23
Onychostruthus_taczanowskii,102.26,33.96
Onychostruthus_taczanowskii,91.55,28.66
Onychostruthus_taczanowskii,101.83,33.82
Onychostruthus_taczanowskii,78.96,32.79
Onychostruthus_taczanowskii,99.98,35.59
Onychostruthus_taczanowskii,101.12,36.43
Onychostruthus_taczanowskii,98.47,35.64
Onychostruthus_taczanowskii,97.25,33.01
Onychostruthus_taczanowskii,94.91,34.85
Onychostruthus_taczanowskii,92.32,29.76
Onychostruthus_taczanowskii,98.21,34.91
Onychostruthus_taczanowskii,93.03,31.89
Onychostruthus_taczanowskii,90.4,29.08
Onychostruthus_taczanowskii,100.02,35.91
Onychostruthus_taczanowskii,98.03,34.64
Onychostruthus_taczanowskii,97.36,33.98
Onychostruthus_taczanowskii,101.54,36.3
Onychostruthus_taczanowskii,100.93,37.97
Onychostruthus_taczanowskii,96.65,32.81
Onychostruthus_taczanowskii,101.28,36.37
Onychostruthus_taczanowskii,95.53,32.71
Onychostruthus_taczanowskii,103.01,34.02
Onychostruthus_taczanowskii,103.1,33.59
Onychostruthus_taczanowskii,97.69,34.14
Onychostruthus_taczanowskii,96.24,33.35
Onychostruthus_taczanowskii,101.21,36.26
Onychostruthus_taczanowskii,102.61,33.43
Onychostruthus_taczanowskii,96.59,31.91
Onychostruthus_taczanowskii,102.63,34.08
Onychostruthus_taczanowskii,96.33,31.77
Onychostruthus_taczanowskii,102.47,33.64
Onychostruthus_taczanowskii,100.59,36.55
Onychostruthus_taczanowskii,95.23,31.57
Onychostruthus_taczanowskii,98.72,36.6
Onychostruthus_taczanowskii,86.83,27.98
Onychostruthus_taczanowskii,102.76,33.52
Onychostruthus_taczanowskii,96.15,34.1
Onychostruthus_taczanowskii,99.07,35.34
Onychostruthus_taczanowskii,96.64,32.46
Onychostruthus_taczanowskii,100.28,36.02
Onychostruthus_taczanowskii,102.99,32.99
Onychostruthus_taczanowskii,95.93,34.16
Onychostruthus_taczanowskii,99.09,37.45
Onychostruthus_taczanowskii,100.88,36.42
Onychostruthus_taczanowskii,98.82,35.11
Onychostruthus_taczanowskii,100.77,36.76
Onychostruthus_taczanowskii,96.67,32.9
Onychostruthus_taczanowskii,91.39,28.36
Onychostruthus_taczanowskii,96.41,32.53
Onychostruthus_taczanowskii,102.91,33.66
Onychostruthus_taczanowskii,99.79,36.74
Onychostruthus_taczanowskii,102.33,34.24
Onychostruthus_taczanowskii,102.57,32.82
Onychostruthus_taczanowskii,102.49,34.95
Onychostruthus_taczanowskii,95.69,32.7
Onychostruthus_taczanowskii,102.82,33.95
Onychostruthus_taczanowskii,102.48,34.03
Onychostruthus_taczanowskii,98.96,35.18
Onychostruthus_taczanowskii,102.97,33.76
Onychostruthus_taczanowskii,92.58,34.32
Onychostruthus_taczanowskii,89.31,28.13
Onychostruthus_taczanowskii,99.43,35.4
Onychostruthus_taczanowskii,94.19,35.07
Onychostruthus_taczanowskii,100.74,32.93
Onychostruthus_taczanowskii,96.93,32.18
Onychostruthus_taczanowskii,101.01,36.41
Onychostruthus_taczanowskii,102.62,33.14
Onychostruthus_taczanowskii,96.99,33.45
Onychostruthus_taczanowskii,94.69,33.76
Onychostruthus_taczanowskii,91.86,32.56
Onychostruthus_taczanowskii,99.62,36.95
Onychostruthus_taczanowskii,87.68,29.08
Onychostruthus_taczanowskii,101.21,33.43
Onychostruthus_taczanowskii,101.42,37.32
Onychostruthus_taczanowskii,100.73,36.56
Onychostruthus_taczanowskii,88.53,27.96
Onychostruthus_taczanowskii,95.08,30.1
Onychostruthus_taczanowskii,100.15,36.62
Onychostruthus_taczanowskii,86.81,28.34
Onychostruthus_taczanowskii,95.71,33.95
Onychostruthus_taczanowskii,99.15,31.87
Onychostruthus_taczanowskii,96.57,32.59
Onychostruthus_taczanowskii,86.62,28.58
Onychostruthus_taczanowskii,90.4,28.97
Onychostruthus_taczanowskii,96.05,33.56
Onychostruthus_taczanowskii,99.68,35.89
Onychostruthus_taczanowskii,100.48,36.52
Onychostruthus_taczanowskii,91.09,30.68
Onychostruthus_taczanowskii,99.31,35.39
Onychostruthus_taczanowskii,99.58,35.79
Onychostruthus_taczanowskii,102.61,33.01
Onychostruthus_taczanowskii,101.06,36.26
Onychostruthus_taczanowskii,99.72,37.03
Onychostruthus_taczanowskii,97.22,33.55
Onychostruthus_taczanowskii,98.46,34.79
Onychostruthus_taczanowskii,94.78,34.91
Onychostruthus_taczanowskii,96.69,33.13
Onychostruthus_taczanowskii,95.49,34.54
Onychostruthus_taczanowskii,95.8,34.13
Onychostruthus_taczanowskii,98.12,32.98
Onychostruthus_taczanowskii,97.3,33.41
Onychostruthus_taczanowskii,99.66,36.86
Onychostruthus_taczanowskii,100.17,37.31
Onychostruthus_taczanowskii,94.25,34.22
Onychostruthus_taczanowskii,95.1,32.95
Onychostruthus_taczanowskii,95.2,33.17
Onychostruthus_taczanowskii,96.41,33.37
Onychostruthus_taczanowskii,95.31,32.88
Onychostruthus_taczanowskii,95.75,32.93
Onychostruthus_taczanowskii,101.45,36.36
Onychostruthus_taczanowskii,101.86,36.61
Onychostruthus_taczanowskii,95.61,33.85
Onychostruthus_taczanowskii,102.68,34.48
Onychostruthus_taczanowskii,97.04,32.84
Onychostruthus_taczanowskii,99.8,37.2
Onychostruthus_taczanowskii,96.42,32.42
Onychostruthus_taczanowskii,97.33,33.12
Onychostruthus_taczanowskii,80.64,31.32
Onychostruthus_taczanowskii,82.95,30.28
Onychostruthus_taczanowskii,102.08,33.96
Onychostruthus_taczanowskii,91.02,29.44
Onychostruthus_taczanowskii,96.57,36.35
Onychostruthus_taczanowskii,96.46,33.29
Onychostruthus_taczanowskii,83.97,29.32
Onychostruthus_taczanowskii,102.55,33.24
Onychostruthus_taczanowskii,98.13,34.84
Onychostruthus_taczanowskii,98.1,34.72
Onychostruthus_taczanowskii,98.33,34.84
Onychostruthus_taczanowskii,99.66,33.77
Onychostruthus_taczanowskii,99.47,36.72
Onychostruthus_taczanowskii,97.25,32.35
Onychostruthus_taczanowskii,98.54,35.29
Onychostruthus_taczanowskii,101.37,36.67
Onychostruthus_taczanowskii,89.6,28.93
Onychostruthus_taczanowskii,102.47,33.48
Onychostruthus_taczanowskii,97.1,30.67
Onychostruthus_taczanowskii,91.91,32.8
Onychostruthus_taczanowskii,86.72,29.42
Onychostruthus_taczanowskii,90.4,29.99
Onychostruthus_taczanowskii,102.72,33.99
Onychostruthus_taczanowskii,99.51,35.52
Onychostruthus_taczanowskii,86.57,28.44
Onychostruthus_taczanowskii,100.42,36.62
Onychostruthus_taczanowskii,91.07,30.79
Onychostruthus_taczanowskii,91.06,30.45
Onychostruthus_taczanowskii,90.91,29.29
Onychostruthus_taczanowskii,102.94,33.85
Onychostruthus_taczanowskii,99.12,31.97
Onychostruthus_taczanowskii,90.68,30.27
Onychostruthus_taczanowskii,92.33,29.88
Onychostruthus_taczanowskii,92.01,31.64
Onychostruthus_taczanowskii,90.89,30.71
Onychostruthus_taczanowskii,90.16,28.9
Onychostruthus_taczanowskii,99.94,36.66
Onychostruthus_taczanowskii,98.5,35.1
Pyrgilauda_ruficollis,102.34116,34.236282
Pyrgilauda_ruficollis,99.37091,36.6429
Pyrgilauda_ruficollis,92.67902,29.859406
Pyrgilauda_ruficollis,101.19991,37.50269
Pyrgilauda_ruficollis,96.55064,32.59467
Pyrgilauda_ruficollis,91.93276,27.987547
Pyrgilauda_ruficollis,91.67713,32.267254
Pyrgilauda_ruficollis,98.153305,35.8216
Pyrgilauda_ruficollis,97.00818,32.99157
Pyrgilauda_ruficollis,101.315926,37.613712
Pyrgilauda_ruficollis,101.82346,37.04239
Pyrgilauda_ruficollis,97.98626,34.521935
Pyrgilauda_ruficollis,95.73012,33.81283
Pyrgilauda_ruficollis,102.96273,33.577633
Pyrgilauda_ruficollis,95.02912,34.789745
Pyrgilauda_ruficollis,91.92206,28.297623
Pyrgilauda_ruficollis,98.09405,35.70421
Pyrgilauda_ruficollis,96.54217,31.822914
Pyrgilauda_ruficollis,98.67188,33.265583
Pyrgilauda_ruficollis,100.45995,37.062893
Pyrgilauda_ruficollis,92.0417,31.473772
Pyrgilauda_ruficollis,100.68166,36.986225
Pyrgilauda_ruficollis,93.07979,35.868534
Pyrgilauda_ruficollis,102.4686,33.4742
Pyrgilauda_ruficollis,91.55398,33.993244
Pyrgilauda_ruficollis,101.135254,37.143784
Pyrgilauda_ruficollis,97.13094,32.923138
Pyrgilauda_ruficollis,97.89423,35.993652
Pyrgilauda_ruficollis,85.92524,29.472942
Pyrgilauda_ruficollis,91.85943,33.233643
Pyrgilauda_ruficollis,96.6123,32.690144
Pyrgilauda_ruficollis,101.508095,37.693134
Pyrgilauda_ruficollis,94.33856,35.771236
Pyrgilauda_ruficollis,88.612114,28.028233
Pyrgilauda_ruficollis,100.723724,36.557777
Pyrgilauda_ruficollis,102.06199,34.022877
Pyrgilauda_ruficollis,91.8055,27.903996
Pyrgilauda_ruficollis,88.55442,27.800821
Pyrgilauda_ruficollis,98.94557,36.77231
Pyrgilauda_ruficollis,96.62481,32.31456
Pyrgilauda_ruficollis,100.5831,35.222603
Pyrgilauda_ruficollis,88.537,27.897142
Pyrgilauda_ruficollis,97.8586,34.263306
Pyrgilauda_ruficollis,99.51731,37.13503
Pyrgilauda_ruficollis,97.5147,34.0207
Pyrgilauda_ruficollis,102.13848,33.854362
Pyrgilauda_ruficollis,102.6752,34.48288
Pyrgilauda_ruficollis,88.04302,29.134226
Pyrgilauda_ruficollis,101.42586,37.46397
Pyrgilauda_ruficollis,100.12073,37.273
Pyrgilauda_ruficollis,102.257805,33.963352
Pyrgilauda_ruficollis,100.59563,37.698242
Pyrgilauda_ruficollis,97.33212,37.47558
Pyrgilauda_ruficollis,100.63577,33.230377
Pyrgilauda_ruficollis,100.885635,38.05001
Pyrgilauda_ruficollis,98.50153,36.45873
Pyrgilauda_ruficollis,91.10149,30.473015
Pyrgilauda_ruficollis,102.6283,34.079716
Pyrgilauda_ruficollis,97.58963,33.36799
Pyrgilauda_ruficollis,90.163895,28.898792
Pyrgilauda_ruficollis,99.75174,37.148888
Pyrgilauda_ruficollis,99.09844,36.724678
Pyrgilauda_ruficollis,98.46967,35.640636
Pyrgilauda_ruficollis,96.58709,33.196846
Pyrgilauda_ruficollis,99.93714,36.655197
Pyrgilauda_ruficollis,97.125496,33.80527
Pyrgilauda_ruficollis,93.02649,31.894308
Pyrgilauda_ruficollis,90.399414,29.083874
Pyrgilauda_ruficollis,99.06751,35.328285
Pyrgilauda_ruficollis,98.0329,34.6434
Pyrgilauda_ruficollis,94.5062,35.00637
Pyrgilauda_ruficollis,95.525734,32.70695
Pyrgilauda_ruficollis,97.36021,33.976906
Pyrgilauda_ruficollis,101.53773,36.30047
Pyrgilauda_ruficollis,99.97918,35.590702
Pyrgilauda_ruficollis,101.27857,36.37006
Pyrgilauda_ruficollis,91.02263,29.44291
Pyrgilauda_ruficollis,94.942604,34.84579
Pyrgilauda_ruficollis,88.71745,28.045633
Pyrgilauda_ruficollis,86.84898,28.156162
Pyrgilauda_ruficollis,103.09682,33.589172
Pyrgilauda_ruficollis,97.248276,33.006416
Pyrgilauda_ruficollis,102.46948,33.636227
Pyrgilauda_ruficollis,91.176704,30.267366
Pyrgilauda_ruficollis,98.7233,36.59611
Pyrgilauda_ruficollis,89.07116,28.167658
Pyrgilauda_ruficollis,96.592926,31.908873
Pyrgilauda_ruficollis,96.243164,33.346752
Pyrgilauda_ruficollis,100.58612,36.554127
Pyrgilauda_ruficollis,102.861694,33.539753
Pyrgilauda_ruficollis,95.22689,31.56525
Pyrgilauda_ruficollis,96.33166,31.766018
Pyrgilauda_ruficollis,91.28887,29.887836
Pyrgilauda_ruficollis,101.20714,36.255093
Pyrgilauda_ruficollis,92.357834,29.913734
Pyrgilauda_ruficollis,102.31393,31.712868
Pyrgilauda_ruficollis,98.2068,35.003
Pyrgilauda_ruficollis,100.29458,38.295258
Pyrgilauda_ruficollis,92.58473,34.31943
Pyrgilauda_ruficollis,98.995316,37.31032
Pyrgilauda_ruficollis,94.06856,35.64044
Pyrgilauda_ruficollis,95.92896,34.163925
Pyrgilauda_ruficollis,87.67779,29.075901
Pyrgilauda_ruficollis,94.00097,35.09033
Pyrgilauda_ruficollis,95.6535,32.661682
Pyrgilauda_ruficollis,102.202194,35.36033
Pyrgilauda_ruficollis,97.34287,33.360756
Pyrgilauda_ruficollis,99.7782,36.728416
Pyrgilauda_ruficollis,96.66905,32.89525
Pyrgilauda_ruficollis,90.4893,29.147882
Pyrgilauda_ruficollis,99.088905,37.445053
Pyrgilauda_ruficollis,99.5394,36.7031
Pyrgilauda_ruficollis,97.19789,32.595776
Pyrgilauda_ruficollis,102.98965,32.988297
Pyrgilauda_ruficollis,95.617744,32.782005
Pyrgilauda_ruficollis,96.40566,32.529488
Pyrgilauda_ruficollis,102.818596,33.952927
Pyrgilauda_ruficollis,89.142555,29.314903
Pyrgilauda_ruficollis,96.426506,32.94683
Pyrgilauda_ruficollis,102.57277,32.81731
Pyrgilauda_ruficollis,102.47826,34.03232
Pyrgilauda_ruficollis,100.73781,32.932083
Pyrgilauda_ruficollis,100.081635,35.935047
Pyrgilauda_ruficollis,93.90539,35.247623
Pyrgilauda_ruficollis,93.78481,31.735851
Pyrgilauda_ruficollis,94.19094,35.072407
Pyrgilauda_ruficollis,91.85675,32.563316
Pyrgilauda_ruficollis,98.88877,36.96982
Pyrgilauda_ruficollis,98.209015,34.912857
Pyrgilauda_ruficollis,93.912315,35.519405
Pyrgilauda_ruficollis,100.27757,36.023228
Pyrgilauda_ruficollis,91.9336,33.4418
Pyrgilauda_ruficollis,91.0952,30.68516
Pyrgilauda_ruficollis,98.96061,35.18481
Pyrgilauda_ruficollis,94.68667,33.759167
Pyrgilauda_ruficollis,99.6154,36.946003
Pyrgilauda_ruficollis,100.912834,36.428635
Pyrgilauda_ruficollis,102.7289,33.5245
Pyrgilauda_ruficollis,101.69063,36.638924
Pyrgilauda_ruficollis,96.93441,32.178577
Pyrgilauda_ruficollis,89.30762,28.131039
Pyrgilauda_ruficollis,101.37231,37.707645
Pyrgilauda_ruficollis,101.21137,33.429283
Pyrgilauda_ruficollis,100.93737,37.96963
Pyrgilauda_ruficollis,99.282135,38.671013
Pyrgilauda_ruficollis,102.42562,35.053947
Pyrgilauda_ruficollis,103.731224,33.050507
Pyrgilauda_ruficollis,101.41628,37.324665
Pyrgilauda_ruficollis,90.89246,30.707079
Pyrgilauda_ruficollis,91.385254,28.35585
Pyrgilauda_ruficollis,101.5263,36.115242
Pyrgilauda_ruficollis,86.80675,28.337587
Pyrgilauda_ruficollis,95.079865,30.10322
Pyrgilauda_ruficollis,94.91018,29.989986
Pyrgilauda_ruficollis,86.66393,28.468992
Pyrgilauda_ruficollis,86.62076,28.5806
Pyrgilauda_ruficollis,97.25566,33.46708
Pyrgilauda_ruficollis,102.127846,34.891647
Pyrgilauda_ruficollis,99.52852,38.472034
Pyrgilauda_ruficollis,90.40029,28.971872
Pyrgilauda_ruficollis,95.707924,33.95023
Pyrgilauda_ruficollis,97.6574,34.12704
Pyrgilauda_ruficollis,102.60744,33.01344
Pyrgilauda_ruficollis,99.511925,35.49818
Pyrgilauda_ruficollis,100.20975,37.383266
Pyrgilauda_ruficollis,95.804344,34.128983
Pyrgilauda_ruficollis,93.32468,35.899853
Pyrgilauda_ruficollis,94.782936,34.905746
Pyrgilauda_ruficollis,95.61698,33.846657
Pyrgilauda_ruficollis,88.282616,31.860992
Pyrgilauda_ruficollis,87.97125,29.067076
Pyrgilauda_ruficollis,100.475716,36.521954
Pyrgilauda_ruficollis,101.05916,36.260727
Pyrgilauda_ruficollis,99.63038,38.16497
Pyrgilauda_ruficollis,100.23946,38.015247
Pyrgilauda_ruficollis,96.97086,32.859123
Pyrgilauda_ruficollis,96.693596,33.127953
Pyrgilauda_ruficollis,102.44498,32.750828
Pyrgilauda_ruficollis,100.120804,36.570133
Pyrgilauda_ruficollis,96.296906,32.96448
Pyrgilauda_ruficollis,96.18194,34.10376
Pyrgilauda_ruficollis,98.122246,32.984097
Pyrgilauda_ruficollis,95.201805,33.166485
Pyrgilauda_ruficollis,95.93069,32.97463
Pyrgilauda_ruficollis,95.305824,32.884464
Pyrgilauda_ruficollis,96.41013,33.36989
Pyrgilauda_ruficollis,102.958664,33.735046
Pyrgilauda_ruficollis,95.75408,32.928947
Pyrgilauda_ruficollis,95.12869,33.26057
Pyrgilauda_ruficollis,99.67561,37.024624
Pyrgilauda_ruficollis,95.09697,32.945522
Pyrgilauda_ruficollis,101.85773,36.608086
Pyrgilauda_ruficollis,103.19205,34.23795
Pyrgilauda_ruficollis,90.5466,28.490976
Pyrgilauda_ruficollis,97.33128,33.115078
Pyrgilauda_ruficollis,96.51617,33.42084
Pyrgilauda_ruficollis,96.4202,32.421
Pyrgilauda_ruficollis,98.05509,35.03059
Pyrgilauda_ruficollis,96.388016,33.272358
Pyrgilauda_ruficollis,81.312904,31.067785
Pyrgilauda_ruficollis,102.16117,34.064495
Pyrgilauda_ruficollis,102.00515,33.927887
Pyrgilauda_ruficollis,100.782486,33.272507
Pyrgilauda_ruficollis,102.93187,33.853542
Pyrgilauda_ruficollis,82.94678,30.281603
Pyrgilauda_ruficollis,80.637505,31.318521
Pyrgilauda_ruficollis,102.54905,33.23755
Pyrgilauda_ruficollis,102.60973,33.43507
Pyrgilauda_ruficollis,96.51322,31.96858
Pyrgilauda_ruficollis,101.16747,36.528492
Pyrgilauda_ruficollis,99.63312,36.7776
Pyrgilauda_ruficollis,99.60673,35.80183
Pyrgilauda_ruficollis,98.133446,34.837997
Pyrgilauda_ruficollis,98.10323,34.72203
Pyrgilauda_ruficollis,99.657555,33.76695
Pyrgilauda_ruficollis,98.86139,35.101933
Pyrgilauda_ruficollis,97.609726,38.29027
Pyrgilauda_ruficollis,100.190285,38.117958
Pyrgilauda_ruficollis,97.25256,32.347744
Pyrgilauda_ruficollis,98.5371,35.290073
Pyrgilauda_ruficollis,98.02602,38.702633
Pyrgilauda_ruficollis,98.41587,38.816483
Pyrgilauda_ruficollis,99.930626,35.843513
Pyrgilauda_ruficollis,101.1155,36.43197
Pyrgilauda_ruficollis,92.55007,29.87547
Pyrgilauda_ruficollis,101.43342,36.35292
Pyrgilauda_ruficollis,97.10446,30.66538
Pyrgilauda_ruficollis,91.90557,32.79837
Pyrgilauda_ruficollis,87.54341,29.057947
Pyrgilauda_ruficollis,91.00508,29.65133
Pyrgilauda_ruficollis,91.117,29.648
Pyrgilauda_ruficollis,91.476974,29.758118
Pyrgilauda_ruficollis,102.71852,33.99485
Pyrgilauda_ruficollis,99.231224,36.74276
Pyrgilauda_ruficollis,102.62465,33.1395
Pyrgilauda_ruficollis,102.88816,30.92299
Pyrgilauda_ruficollis,87.333534,28.831724
Pyrgilauda_ruficollis,98.37597,34.78922
Pyrgilauda_ruficollis,100.42448,36.61663
Pyrgilauda_ruficollis,91.06705,30.791798
Pyrgilauda_ruficollis,99.67719,35.88766
Pyrgilauda_ruficollis,101.102974,33.29423
Pyrgilauda_ruficollis,99.683586,36.862694
Pyrgilauda_ruficollis,90.640594,29.19573
Pyrgilauda_ruficollis,99.12243,31.972183
Pyrgilauda_ruficollis,96.52022,32.29188
Pyrgilauda_ruficollis,99.37237,35.422276
Pyrgilauda_ruficollis,90.678055,30.266775
Pyrgilauda_ruficollis,92.014305,31.644205
Pyrgilauda_ruficollis,94.60709,33.20494
